"SYMBOL","OPEN","HIGH","LOW","PREV. CLOSE","LTP","INDICATIVE CLOSE","CHNG","%CHNG","VOLUME (shares)","VALUE (₹ Crores)","52W H","52W L","30 D %CHNG","365 D %CHNG","18-Apr-2024"
"NIFTY 500","21,379.35","21,704.10","21,296.35","21,404.35","21,681.55","-","277.20","1.30","2,45,29,11,873","90,148.46","24,573.40","19,519.85","3.92","6.68"
"FACT","667.00","767.50","662.35","668.45","756.60","-","88.15","13.19","1,72,51,121","1,288.59","1,187.00","565.00","18.36","16.57"
"EMCURE","1,011.00","1,109.10","1,008.50","1,008.30","1,102.90","-","94.60","9.38","5,29,139","56.90","1,580.00","889.00","17.81","-"
"DELHIVERY","263.00","282.80","262.20","263.05","280.50","-","17.45","6.63","1,70,63,440","474.52","469.50","236.53","7.70","-37.76"
"VIJAYA","992.00","1,053.60","975.00","991.90","1,045.40","-","53.50","5.39","15,29,936","158.82","1,275.00","652.45","-7.06","53.87"
"FIVESTAR","750.40","796.00","746.55","750.40","789.80","-","39.40","5.25","14,13,348","108.27","943.75","595.00","13.90","14.03"
"IGIL","336.20","353.30","332.05","336.50","353.30","-","16.80","4.99","33,73,358","117.76","642.30","282.00","7.78","-"
"JSWHL","25,200.00","26,420.00","25,180.00","25,165.00","26,420.00","-","1,255.00","4.99","2,633","6.88","26,984.95","6,015.00","-","-"
"KFINTECH","1,071.30","1,146.40","1,066.50","1,052.40","1,103.00","-","50.60","4.81","72,09,839","810.72","1,641.35","592.00","13.40","76.66"
"FIRSTCRY","336.00","356.00","332.15","334.60","350.50","-","15.90","4.75","20,74,244","71.29","734.00","286.05","-7.52","-"
"ETERNAL","220.60","236.14","220.38","222.08","232.00","-","9.92","4.47","7,01,25,937","1,614.23","304.70","146.30","-","-"
"BHARTIHEXA","1,513.80","1,642.80","1,497.60","1,513.80","1,580.00","-","66.20","4.37","21,34,560","340.60","1,642.80","814.00","19.71","63.35"
"HSCL","444.40","468.50","443.10","443.85","463.00","-","19.15","4.31","19,36,237","88.84","688.70","303.00","7.40","43.87"
"RCF","133.92","143.70","132.70","133.58","139.10","-","5.52","4.13","1,50,32,263","212.02","245.00","110.80","13.43","0.07"
"CHOLAHLDNG","1,800.00","1,888.90","1,793.00","1,804.30","1,878.00","-","73.70","4.08","4,47,893","82.78","2,154.95","1,033.65","14.29","76.31"
"SAMMAANCAP","115.60","122.78","115.28","115.58","120.20","-","4.62","4.00","1,32,95,635","160.07","183.30","97.61","6.58","-"
"ROUTE","976.50","1,030.00","976.40","981.80","1,020.65","-","38.85","3.96","2,29,279","23.27","1,942.45","861.90","6.08","-33.49"
"WAAREEENER","2,279.00","2,377.10","2,275.00","2,229.60","2,317.00","-","87.40","3.92","26,72,712","623.21","3,743.00","1,863.00","3.01","-"
"COFORGE","6,339.50","6,668.00","6,251.00","6,408.00","6,650.00","-","242.00","3.78","16,95,464","1,099.01","10,026.80","4,287.25","-12.59","26.75"
"SUNPHARMA","1,695.00","1,758.00","1,687.40","1,693.10","1,757.00","-","63.90","3.77","26,83,908","465.16","1,960.35","1,377.20","1.11","15.50"
"CREDITACC","1,073.95","1,139.10","1,056.05","1,082.15","1,122.85","-","40.70","3.76","9,30,944","102.46","1,551.95","750.20","18.73","-21.40"
"ICICIBANK","1,362.00","1,408.90","1,360.10","1,356.40","1,407.00","-","50.60","3.73","1,74,90,424","2,434.51","1,408.90","1,048.10","7.13","33.28"
"JINDALSAW","257.90","271.70","255.60","257.90","267.50","-","9.60","3.72","12,91,814","34.26","383.85","217.65","0.54","-44.55"
"POLYMED","2,347.50","2,445.00","2,302.20","2,320.40","2,406.00","-","85.60","3.69","2,51,423","60.27","3,357.80","1,488.60","6.35","52.39"
"GUJGASLTD","425.00","446.85","425.00","429.25","445.00","-","15.75","3.67","8,14,179","35.84","689.95","360.25","13.22","-19.53"
"SWSOLAR","283.10","298.25","281.90","280.70","290.50","-","9.80","3.49","82,43,580","240.04","828.00","218.45","20.82","-45.90"
"ABB","5,422.50","5,645.00","5,294.50","5,379.50","5,565.00","-","185.50","3.45","11,43,784","634.73","9,149.95","4,684.45","1.75","-12.53"
"NH","1,810.00","1,861.00","1,800.00","1,793.30","1,855.00","-","61.70","3.44","12,48,178","229.67","1,861.00","1,080.00","12.73","49.73"
"GODFRYPHLP","7,344.50","7,710.00","7,274.00","7,344.50","7,590.00","-","245.50","3.34","1,10,850","83.47","8,480.00","2,920.00","25.36","154.58"
"J&KBANK","98.24","102.95","97.50","98.24","101.50","-","3.26","3.32","59,37,892","59.68","147.20","86.61","9.78","-22.10"
"BHARTIARTL","1,834.00","1,897.70","1,825.70","1,822.60","1,882.90","-","60.30","3.31","1,08,94,325","2,033.61","1,897.70","1,212.05","15.39","49.25"
"AUROPHARMA","1,133.50","1,174.00","1,131.40","1,133.40","1,170.60","-","37.20","3.28","7,69,623","89.23","1,592.00","1,010.00","0.67","5.12"
"JINDALSTEL","851.95","895.95","848.35","854.25","882.00","-","27.75","3.25","28,42,300","250.49","1,097.00","723.35","-4.68","-2.67"
"BAJAJHLDNG","11,668.00","12,017.00","11,503.00","11,585.00","11,960.00","-","375.00","3.24","76,485","90.54","13,238.00","7,659.95","0.72","50.94"
"POWERINDIA","12,720.00","13,350.00","12,603.00","12,695.00","13,100.00","-","405.00","3.19","1,19,534","156.40","16,549.95","7,198.95","11.91","59.33"
"CGPOWER","598.00","622.95","596.15","598.75","617.80","-","19.05","3.18","34,34,021","210.76","874.70","490.05","-6.55","17.16"
"DMART","4,221.00","4,397.00","4,192.20","4,221.50","4,354.00","-","132.50","3.14","10,20,665","441.37","5,484.85","3,340.00","13.31","-5.84"
"BAJAJFINSV","1,961.50","2,039.70","1,955.00","1,969.20","2,031.00","-","61.80","3.14","21,04,540","421.97","2,039.70","1,419.05","10.48","27.69"
"CHAMBLFERT","654.75","675.00","654.75","654.75","675.00","-","20.25","3.09","35,46,717","237.78","675.00","333.40","14.76","84.32"
"KPRMILL","1,039.90","1,072.00","1,031.85","1,033.85","1,065.70","-","31.85","3.08","3,94,868","41.55","1,194.00","743.00","17.73","28.09"
"INDUSTOWER","385.90","398.85","384.50","386.10","397.90","-","11.80","3.06","92,88,018","366.64","460.35","292.00","17.27","15.53"
"PERSISTENT","4,650.00","4,855.00","4,555.00","4,705.50","4,848.00","-","142.50","3.03","6,32,950","298.88","6,788.90","3,232.05","-8.42","25.81"
"LTF","159.00","165.35","158.00","158.60","163.25","-","4.65","2.93","88,73,598","144.46","194.25","129.20","11.89","-"
"NAM-INDIA","581.00","601.85","578.60","581.00","598.00","-","17.00","2.93","9,01,102","53.21","816.25","498.05","5.87","7.80"
"LATENTVIEW","383.00","395.85","381.00","383.20","394.40","-","11.20","2.92","2,95,084","11.54","575.00","341.20","5.50","-23.75"
"KOTAKBANK","2,115.00","2,193.90","2,097.70","2,123.40","2,185.10","-","61.70","2.91","53,88,632","1,162.06","2,202.50","1,543.85","8.24","22.46"
"CRAFTSMAN","4,664.00","4,810.00","4,556.20","4,588.70","4,721.50","-","132.80","2.89","28,219","13.35","7,121.25","3,700.00","0.56","9.49"
"SBIN","772.00","801.00","767.15","771.75","793.85","-","22.10","2.86","2,70,34,818","2,129.07","912.00","680.00","7.03","7.07"
"ALKYLAMINE","1,830.90","1,917.00","1,805.40","1,831.30","1,883.00","-","51.70","2.82","1,33,765","25.13","2,498.85","1,508.00","18.19","-7.72"
"TECHNOE","1,030.00","1,096.00","1,029.00","1,033.30","1,061.80","-","28.50","2.76","5,11,917","54.75","1,822.00","785.15","2.47","15.40"
"AIIL","1,718.20","1,776.60","1,701.60","1,722.40","1,770.00","-","47.60","2.76","22,848","4.00","1,988.00","732.20","14.89","-"
"BAYERCROP","4,899.50","5,095.00","4,822.90","4,860.00","4,993.00","-","133.00","2.74","50,041","25.17","7,196.85","4,217.45","1.27","-9.99"
"RELIANCE","1,240.20","1,280.20","1,227.60","1,239.30","1,273.00","-","33.70","2.72","1,53,98,401","1,940.78","1,608.80","1,114.85","2.19","-56.48"
"SBILIFE","1,558.00","1,615.00","1,549.40","1,565.40","1,607.50","-","42.10","2.69","15,00,299","237.98","1,936.00","1,307.70","8.30","10.38"
"NIACL","168.30","178.98","165.50","166.80","171.29","-","4.49","2.69","60,26,641","105.27","310.11","135.60","12.83","-21.70"
"GRAVITA","1,923.50","2,025.00","1,897.80","1,923.50","1,975.00","-","51.50","2.68","5,36,307","106.28","2,700.00","885.05","14.65","100.54"
"GICRE","418.90","438.60","417.05","417.35","428.45","-","11.10","2.66","23,29,842","100.43","525.50","316.50","2.57","29.65"
"SCHAEFFLER","3,200.00","3,287.60","3,164.20","3,195.20","3,280.00","-","84.80","2.65","47,414","15.32","4,951.00","2,823.00","-5.97","0.15"
"AXISBANK","1,155.60","1,199.20","1,153.60","1,161.30","1,190.10","-","28.80","2.48","1,34,46,336","1,590.39","1,339.65","933.50","13.19","16.29"
"PREMIERENE","940.00","974.85","936.80","940.75","964.00","-","23.25","2.47","15,54,139","149.10","1,388.00","774.05","3.93","-"
"KAJARIACER","791.05","820.45","791.05","791.05","810.55","-","19.50","2.47","4,09,368","33.21","1,578.70","758.70","-10.12","-33.79"
"ARE&M","999.90","1,033.00","994.10","995.80","1,020.00","-","24.20","2.43","8,84,748","90.28","1,775.95","832.30","-3.89","2.60"
"KEI","2,785.00","2,878.30","2,782.40","2,754.90","2,821.50","-","66.60","2.42","11,11,301","316.25","5,039.70","2,424.00","-13.93","-25.49"
"MAPMYINDIA","1,734.00","1,791.00","1,724.80","1,733.90","1,775.50","-","41.60","2.40","69,305","12.16","2,747.85","1,513.00","9.55","-9.10"
"MANKIND","2,509.90","2,600.00","2,500.00","2,520.00","2,578.50","-","58.50","2.32","4,89,420","125.62","3,054.80","1,901.05","19.42","7.76"
"GNFC","497.00","515.00","493.05","495.60","507.00","-","11.40","2.30","17,24,579","87.82","776.60","449.00","4.41","-24.58"
"ADANIPORTS","1,232.90","1,282.50","1,218.60","1,232.90","1,261.00","-","28.10","2.28","42,80,765","536.48","1,621.40","995.65","7.32","-2.79"
"CAMPUS","237.50","245.86","236.00","236.93","242.33","-","5.40","2.28","10,17,232","24.70","371.90","210.00","-3.57","1.20"
"INDIGO","5,244.00","5,400.00","5,178.50","5,244.50","5,360.00","-","115.50","2.20","11,72,355","622.59","5,400.00","3,441.05","7.74","49.47"
"DLF","660.00","673.20","656.50","656.25","670.70","-","14.45","2.20","34,23,114","227.87","929.00","601.20","-4.04","-21.80"
"ASTRAZEN","8,506.00","8,780.00","8,505.00","8,514.50","8,702.00","-","187.50","2.20","31,889","27.70","9,167.50","4,800.15","10.69","67.41"
"GRASIM","2,701.00","2,772.00","2,686.90","2,702.80","2,761.90","-","59.10","2.19","10,61,496","291.67","2,877.75","2,171.60","12.31","24.02"
"ASHOKLEY","214.29","219.40","212.83","214.40","219.09","-","4.69","2.19","63,72,845","138.48","264.65","166.25","6.46","29.04"
"DEEPAKFERT","1,258.70","1,315.00","1,258.70","1,258.70","1,286.30","-","27.60","2.19","6,11,237","79.25","1,443.10","503.30","18.26","136.36"
"TVSMOTOR","2,600.00","2,690.00","2,600.00","2,614.20","2,670.90","-","56.70","2.17","8,91,895","237.62","2,958.00","1,873.00","15.50","38.06"
"UNOMINDA","852.95","878.90","845.60","852.95","871.40","-","18.45","2.16","4,83,085","41.90","1,255.00","707.20","-13.67","21.45"
"AJANTPHARM","2,650.00","2,705.00","2,636.10","2,635.00","2,691.50","-","56.50","2.14","96,775","26.03","3,485.00","2,051.60","2.75","29.62"
"NTPCGREEN","106.00","110.95","105.12","105.76","108.00","-","2.24","2.12","3,17,04,465","344.53","155.35","84.55","8.65","-"
"HOMEFIRST","1,175.80","1,224.00","1,145.80","1,175.10","1,200.00","-","24.90","2.12","5,48,373","65.04","1,383.30","776.65","21.32","36.42"
"SHRIRAMFIN","677.00","695.65","668.55","676.05","690.00","-","13.95","2.06","57,71,289","394.94","730.45","438.60","3.56","-70.83"
"INDIAMART","2,131.00","2,200.00","2,131.00","2,148.20","2,192.00","-","43.80","2.04","74,194","16.19","3,198.40","1,900.10","5.14","-13.50"
"MOTILALOFS","636.00","656.45","631.80","639.35","652.30","-","12.95","2.03","15,39,377","99.66","1,064.00","474.80","4.19","-68.67"
"NBCC","96.20","99.90","96.00","95.80","97.73","-","1.93","2.01","4,81,87,798","476.19","139.83","70.80","18.08","-21.09"
"ADANIENSOL","896.05","937.00","891.65","895.15","913.00","-","17.85","1.99","38,49,304","354.31","1,348.00","588.00","12.32","-12.00"
"SBICARD","888.00","908.00","882.25","888.65","905.50","-","16.85","1.90","16,15,410","145.47","908.00","647.95","7.07","24.84"
"AFFLE","1,537.30","1,570.00","1,516.20","1,538.70","1,567.00","-","28.30","1.84","1,29,452","20.01","1,884.00","1,050.00","5.74","44.71"
"CRISIL","4,509.70","4,577.70","4,444.60","4,468.70","4,549.90","-","81.20","1.82","73,626","33.41","6,950.00","3,880.00","3.96","0.53"
"FORTIS","651.15","667.00","645.40","649.95","661.70","-","11.75","1.81","17,37,247","114.40","744.50","406.00","8.97","52.40"
"CANFINHOME","703.45","720.00","690.30","697.40","710.00","-","12.60","1.81","7,74,073","54.73","951.75","558.50","7.80","-6.63"
"CGCL","163.38","170.75","162.36","163.20","166.10","-","2.90","1.78","28,06,811","46.70","244.75","151.09","2.36","-27.64"
"HUDCO","224.30","231.88","223.75","224.16","228.10","-","3.94","1.76","99,55,818","227.87","353.70","158.85","13.81","18.45"
"HYUNDAI","1,639.50","1,699.90","1,639.50","1,636.30","1,665.00","-","28.70","1.75","14,40,046","239.34","1,970.00","1,541.70","2.87","-"
"MAHABANK","47.90","48.90","47.60","47.52","48.35","-","0.83","1.75","1,35,07,204","65.21","73.50","42.00","1.81","-21.11"
"HDFCAMC","4,130.00","4,252.90","4,061.10","4,130.00","4,200.00","-","70.00","1.69","7,85,102","326.51","4,864.00","3,415.55","6.09","11.81"
"UBL","2,123.00","2,158.90","2,090.00","2,109.40","2,145.00","-","35.60","1.69","1,52,003","32.39","2,299.70","1,810.00","12.69","16.66"
"MRF","1,24,100.00","1,26,860.00","1,23,990.00","1,24,490.00","1,26,570.00","-","2,080.00","1.67","15,654","197.44","1,43,849.90","1,02,124.05","15.06","-2.13"
"KARURVYSYA","218.90","225.60","217.79","218.46","222.10","-","3.64","1.67","49,78,798","110.63","246.00","164.10","10.67","18.06"
"SWIGGY","337.00","350.70","329.45","336.25","341.80","-","5.55","1.65","1,01,07,653","345.32","617.30","306.95","-5.49","-"
"IOB","36.50","37.47","36.28","36.44","37.04","-","0.60","1.65","92,90,057","34.32","75.55","33.50","-15.42","-39.72"
"TRENT","5,052.00","5,144.00","4,954.00","5,035.50","5,117.50","-","82.00","1.63","14,64,066","743.46","8,345.00","3,912.40","-1.92","25.53"
"JIOFIN","242.94","248.00","238.30","242.28","246.20","-","3.92","1.62","3,04,22,206","740.99","394.70","198.65","7.70","-34.87"
"NUVAMA","5,892.00","6,000.00","5,851.00","5,878.50","5,974.00","-","95.50","1.62","43,108","25.56","7,648.00","4,120.00","5.91","12.88"
"INDIACEM","282.50","304.00","282.15","282.50","287.05","-","4.55","1.61","55,45,649","163.89","385.00","172.55","4.99","30.06"
"ICICIPRULI","584.50","598.95","579.45","586.30","595.65","-","9.35","1.59","19,11,286","113.15","796.80","515.45","5.80","-1.14"
"M&M","2,632.00","2,682.80","2,602.40","2,634.60","2,675.30","-","40.70","1.54","26,38,979","700.27","3,270.95","1,998.20","-3.93","32.32"
"GRAPHITE","474.05","487.50","467.55","474.00","481.30","-","7.30","1.54","10,28,096","49.56","709.40","365.75","4.57","-28.08"
"TITAN","3,250.00","3,334.80","3,211.20","3,272.10","3,322.00","-","49.90","1.53","10,83,612","356.35","3,867.00","2,925.00","8.17","-5.61"
"OIL","380.00","386.70","377.20","378.30","384.05","-","5.75","1.52","24,32,713","93.20","767.90","325.00","-0.38","-36.27"
"ELECON","464.30","476.00","461.95","464.45","471.50","-","7.05","1.52","5,77,164","27.25","739.10","376.95","9.04","-55.68"
"RAYMONDLSL","1,048.00","1,088.80","1,046.00","1,043.10","1,059.00","-","15.90","1.52","1,67,918","17.83","3,100.00","914.05","-5.62","-"
"SAGILITY","42.69","43.89","42.28","42.75","43.39","-","0.64","1.50","70,29,408","30.46","56.40","27.02","0.49","-"
"HDFCBANK","1,882.00","1,919.70","1,876.70","1,878.00","1,905.80","-","27.80","1.48","1,78,51,542","3,394.31","1,919.70","1,426.80","9.32","27.56"
"ULTRACEMCO","11,667.00","11,922.00","11,600.00","11,728.00","11,900.00","-","172.00","1.47","2,90,473","342.92","12,145.35","9,250.00","8.85","26.84"
"SAREGAMA","545.00","558.00","545.00","548.05","556.00","-","7.95","1.45","3,18,877","17.58","688.90","383.10","10.29","30.05"
"SUZLON","54.33","55.72","54.01","54.34","55.10","-","0.76","1.40","5,42,79,879","298.43","86.04","37.90","-4.66","-"
"LICHSGFIN","597.90","607.70","595.00","593.95","602.25","-","8.30","1.40","22,53,697","135.96","826.75","483.70","9.94","-5.91"
"KIMS","649.00","657.50","640.50","645.45","654.50","-","9.05","1.40","3,75,900","24.45","674.30","350.00","10.85","-66.40"
"CANBK","94.98","96.60","94.60","94.70","96.00","-","1.30","1.37","3,17,63,625","304.17","128.90","78.60","12.21","-83.54"
"NESTLEIND","2,372.00","2,423.20","2,358.60","2,383.30","2,415.60","-","32.30","1.36","9,07,921","218.38","2,778.00","2,110.00","10.65","-1.87"
"STARHEALTH","382.25","395.90","382.25","386.15","391.35","-","5.20","1.35","9,30,541","36.46","647.00","327.30","9.62","-31.33"
"CUB","172.80","179.14","172.15","172.83","175.15","-","2.32","1.34","38,90,991","68.58","187.90","130.40","14.28","16.48"
"LTFOODS","350.20","361.00","350.00","351.35","356.05","-","4.70","1.34","7,23,388","25.77","451.60","186.30","-3.93","75.04"
"VTL","496.00","504.05","489.80","496.40","503.05","-","6.65","1.34","3,43,261","17.08","592.00","361.10","29.95","6.77"
"MAHSEAMLES","690.00","708.40","686.60","688.60","697.55","-","8.95","1.30","1,72,281","12.04","942.00","566.50","-0.29","-19.03"
"SYRMA","496.60","508.95","491.00","494.70","501.10","-","6.40","1.29","6,66,574","33.47","647.10","370.00","6.89","5.86"
"MUTHOOTFIN","2,081.00","2,136.00","2,080.90","2,080.70","2,107.40","-","26.70","1.28","12,89,031","272.73","2,435.40","1,509.70","-12.62","27.54"
"PHOENIXLTD","1,590.00","1,630.00","1,584.20","1,598.70","1,619.00","-","20.30","1.27","2,27,378","36.65","2,068.50","1,338.05","3.80","-48.84"
"BAJFINANCE","9,040.00","9,190.00","8,952.00","9,056.50","9,170.00","-","113.50","1.25","11,41,513","1,036.41","9,290.00","6,375.70","4.93","32.92"
"GAIL","184.70","188.70","183.81","184.70","187.00","-","2.30","1.25","1,94,77,011","364.18","246.30","150.52","12.67","-8.14"
"VBL","550.00","568.50","549.25","549.20","556.00","-","6.80","1.24","84,81,820","476.32","681.12","419.55","2.93","-60.17"
"NTPC","359.25","365.45","357.25","359.30","363.75","-","4.45","1.24","1,22,88,196","445.14","448.45","292.80","6.65","3.66"
"IRCTC","759.00","770.75","755.00","760.60","770.00","-","9.40","1.24","9,73,140","74.53","1,138.90","656.00","7.21","-22.51"
"SUNDARMFIN","5,177.00","5,313.60","5,130.60","5,179.30","5,243.00","-","63.70","1.23","1,24,432","65.26","5,535.85","3,732.90","10.88","14.52"
"NSLNISP","35.60","36.44","35.59","35.76","36.20","-","0.44","1.23","27,78,124","9.99","68.95","32.13","-","-43.64"
"BHARATFORG","1,049.10","1,071.90","1,041.00","1,055.10","1,068.00","-","12.90","1.22","12,23,336","129.46","1,804.50","919.10","-5.97","-9.95"
"APLAPOLLO","1,568.00","1,604.40","1,561.30","1,568.10","1,587.00","-","18.90","1.21","6,13,416","97.31","1,728.95","1,272.70","6.47","3.77"
"CIPLA","1,498.00","1,522.00","1,486.00","1,496.40","1,514.10","-","17.70","1.18","12,11,601","183.19","1,702.05","1,317.25","1.07","12.46"
"TATACONSUM","1,104.00","1,133.80","1,094.50","1,105.90","1,119.00","-","13.10","1.18","15,41,674","172.29","1,250.10","882.90","17.93","-1.26"
"ABCAPITAL","196.00","199.00","195.50","195.82","198.13","-","2.31","1.18","56,30,583","111.25","246.90","149.01","16.04","-1.87"
"APOLLOTYRE","448.90","454.90","443.85","448.20","453.50","-","5.30","1.18","13,23,859","59.60","584.90","370.90","6.28","-4.53"
"HAVELLS","1,613.60","1,646.80","1,609.00","1,613.90","1,632.80","-","18.90","1.17","14,68,556","240.35","2,106.00","1,381.30","5.17","9.69"
"JKTYRE","303.00","309.70","301.00","303.45","307.00","-","3.55","1.17","11,31,356","34.64","511.00","243.00","8.79","-24.28"
"JBCHEPHARM","1,643.00","1,658.90","1,600.10","1,628.00","1,647.00","-","19.00","1.17","1,04,550","17.07","2,030.00","1,385.75","2.94","-8.43"
"NATIONALUM","151.19","154.40","150.54","151.22","152.97","-","1.75","1.16","1,20,73,311","184.58","262.99","137.75","-17.97","-15.69"
"SONACOMS","445.00","452.50","435.85","446.80","451.90","-","5.10","1.14","25,82,488","115.50","768.65","380.00","-11.07","-33.33"
"YESBANK","17.84","18.15","17.72","17.87","18.07","-","0.20","1.12","9,92,08,246","178.57","28.55","16.02","6.22","-24.31"
"PETRONET","300.40","305.45","299.25","300.45","303.75","-","3.30","1.10","23,78,063","72.13","384.20","253.40","2.17","0.65"
"HONASA","230.25","239.43","229.28","230.10","232.60","-","2.50","1.09","23,20,665","54.33","547.00","197.51","6.29","-38.98"
"ZYDUSLIFE","830.00","839.15","816.10","822.10","830.90","-","8.80","1.07","40,90,722","338.89","1,324.30","795.00","-8.61","-11.25"
"ONGC","241.00","244.61","239.26","241.22","243.78","-","2.56","1.06","1,28,91,813","312.88","345.00","205.00","4.70","-11.18"
"BANKINDIA","116.00","117.80","114.80","115.48","116.70","-","1.22","1.06","1,70,71,220","198.91","157.95","90.05","13.46","-15.02"
"KIRLOSBROS","1,646.20","1,662.80","1,629.30","1,633.20","1,650.30","-","17.10","1.05","63,402","10.46","2,684.00","1,142.05","-1.19","41.07"
"GMRAIRPORT","85.50","87.50","85.49","85.64","86.53","-","0.89","1.04","85,28,599","73.92","103.75","67.75","12.85","-"
"INFY","1,398.00","1,429.80","1,378.30","1,413.10","1,427.70","-","14.60","1.03","1,42,64,227","1,997.23","2,006.45","1,307.00","-10.53","0.02"
"CARBORUNIV","1,020.00","1,035.50","996.40","1,007.70","1,018.00","-","10.30","1.02","2,38,158","24.15","1,841.15","809.10","4.12","-16.91"
"ZEEL","112.65","114.85","112.00","112.62","113.75","-","1.13","1.00","1,49,46,889","169.95","168.70","89.32","13.96","-21.07"
"THERMAX","3,335.00","3,412.60","3,311.50","3,366.40","3,400.00","-","33.60","1.00","43,338","14.63","5,839.95","2,950.05","0.26","-28.43"
"APOLLOHOSP","7,038.00","7,092.00","7,000.00","7,005.50","7,075.00","-","69.50","0.99","5,33,349","375.67","7,545.35","5,693.20","10.05","16.45"
"360ONE","954.95","990.60","950.05","943.75","953.00","-","9.25","0.98","27,54,876","268.01","1,318.00","691.40","3.57","19.69"
"HFCL","82.60","84.40","82.07","82.39","83.20","-","0.81","0.98","1,21,34,499","101.19","171.00","71.60","1.57","-9.75"
"TORNTPHARM","3,226.80","3,266.80","3,201.40","3,222.70","3,254.00","-","31.30","0.97","2,02,256","65.24","3,590.70","2,505.30","1.99","27.80"
"MINDACORP","507.40","514.40","504.25","507.10","512.00","-","4.90","0.97","1,77,698","9.04","652.00","388.80","-3.70","26.45"
"GODIGIT","297.85","299.70","294.05","295.35","298.20","-","2.85","0.96","3,02,927","9.01","407.40","264.60","-2.34","-"
"APTUS","321.40","323.85","318.00","319.95","323.00","-","3.05","0.95","5,08,659","16.31","401.65","267.95","7.32","2.26"
"POLICYBZR","1,649.60","1,674.80","1,632.80","1,649.60","1,665.00","-","15.40","0.93","14,25,039","234.68","2,246.90","1,159.05","6.25","36.11"
"SOLARINDS","12,128.00","12,349.00","12,051.00","12,128.00","12,240.00","-","112.00","0.92","90,971","111.41","13,298.00","7,888.25","18.64","43.76"
"MOTHERSON","128.40","130.00","126.86","128.34","129.50","-","1.16","0.90","95,79,498","123.61","216.99","107.25","0.51","3.04"
"RADICO","2,428.00","2,496.00","2,420.00","2,438.00","2,460.00","-","22.00","0.90","1,57,061","38.74","2,637.70","1,429.85","8.27","41.24"
"POWERGRID","305.45","309.80","302.00","305.75","308.45","-","2.70","0.88","85,28,993","262.06","366.25","247.30","11.47","10.32"
"RVNL","365.00","374.25","362.40","367.05","370.25","-","3.20","0.87","62,03,259","229.51","647.00","248.25","4.86","42.69"
"INDIANB","569.00","576.70","563.65","568.15","573.10","-","4.95","0.87","25,06,225","143.17","632.70","473.90","9.51","12.51"
"INTELLECT","745.85","761.80","734.00","750.50","757.00","-","6.50","0.87","4,82,323","36.22","1,143.15","577.40","11.42","-24.99"
"M&MFIN","272.55","276.00","270.50","272.65","275.00","-","2.35","0.86","9,80,843","26.90","343.00","237.95","-4.06","-5.36"
"PNCINFRA","272.00","279.85","269.75","273.55","275.90","-","2.35","0.86","6,43,653","17.80","574.80","244.00","3.89","-36.69"
"EICHERMOT","5,615.50","5,715.50","5,576.00","5,615.50","5,663.00","-","47.50","0.85","5,64,357","319.57","5,715.50","4,206.30","11.32","30.50"
"UNITDSPR","1,511.90","1,526.50","1,500.20","1,503.20","1,516.00","-","12.80","0.85","5,69,237","86.37","1,700.00","1,118.30","12.65","-"
"TRIDENT","27.06","27.38","26.73","27.04","27.27","-","0.23","0.85","88,05,005","23.92","41.78","23.11","5.25","-29.51"
"GSPL","311.60","314.25","304.80","310.00","312.60","-","2.60","0.84","9,02,316","28.04","469.70","260.05","13.15","-18.72"
"IDEA","7.24","7.35","7.18","7.27","7.33","-","0.06","0.83","48,10,25,151","350.19","19.18","6.61","-1.75","-44.62"
"ADANIPOWER","547.70","561.35","542.15","545.55","550.00","-","4.45","0.82","65,91,016","363.39","895.85","432.00","5.51","-8.09"
"TATAMOTORS","616.05","627.00","608.25","616.05","621.00","-","4.95","0.80","1,43,42,652","888.37","1,179.00","535.75","-8.90","-36.01"
"CDSL","1,230.00","1,249.80","1,218.00","1,232.20","1,242.00","-","9.80","0.80","40,32,112","499.58","1,989.80","917.63","5.85","-36.82"
"TANLA","505.00","505.00","482.55","480.10","483.90","-","3.80","0.79","26,33,237","129.14","1,086.45","409.35","-6.92","-48.01"
"VMM","107.87","111.18","107.72","107.87","108.70","-","0.83","0.77","1,37,15,696","150.37","126.87","95.99","9.18","-"
"JUSTDIAL","924.00","925.00","901.00","916.95","924.00","-","7.05","0.77","2,71,240","24.81","1,395.00","751.80","7.74","-8.66"
"BIKAJI","712.05","720.90","705.85","712.15","717.60","-","5.45","0.77","1,45,734","10.41","1,007.95","505.00","1.92","37.76"
"RAYMOND","1,512.50","1,544.00","1,500.80","1,512.50","1,524.00","-","11.50","0.76","3,99,416","60.96","3,496.00","1,216.10","7.60","-20.21"
"SIGNATURE","1,127.00","1,141.40","1,119.00","1,126.40","1,135.00","-","8.60","0.76","2,41,193","27.33","1,647.00","1,010.80","2.04","-11.06"
"RITES","233.00","235.44","231.00","232.72","234.50","-","1.78","0.76","7,79,832","18.20","398.45","192.40","2.23","-64.15"
"IDBI","81.50","82.90","81.25","81.54","82.14","-","0.60","0.74","49,57,454","40.78","107.90","65.89","9.76","-3.24"
"UCOBANK","30.18","30.69","30.04","30.25","30.47","-","0.22","0.73","81,34,012","24.73","62.35","26.81","-18.53","-43.17"
"TCS","3,245.50","3,303.60","3,218.00","3,273.80","3,297.40","-","23.60","0.72","29,32,346","956.78","4,592.25","3,056.05","-5.67","-14.58"
"MANAPPURAM","226.41","230.50","225.31","226.82","228.45","-","1.63","0.72","61,60,697","140.72","247.60","138.35","7.15","21.31"
"IOC","133.50","134.80","132.90","133.83","134.80","-","0.97","0.72","1,04,04,917","139.29","185.97","110.72","5.13","-20.53"
"BRITANNIA","5,420.00","5,469.30","5,396.80","5,416.20","5,455.00","-","38.80","0.72","1,86,873","101.74","6,469.90","4,506.00","15.88","16.18"
"JMFINANCIL","99.87","101.05","99.11","99.70","100.40","-","0.70","0.70","19,21,838","19.26","168.75","69.00","10.10","25.87"
"UTIAMC","1,029.00","1,041.00","1,018.00","1,026.10","1,033.20","-","7.10","0.69","3,14,247","32.30","1,403.65","884.80","4.28","14.00"
"RBLBANK","182.76","185.00","179.67","182.76","184.00","-","1.24","0.68","49,06,541","89.61","272.05","146.10","9.81","-25.33"
"OFSS","7,831.00","7,998.00","7,817.00","7,882.50","7,935.50","-","53.00","0.67","1,74,520","138.59","13,220.00","7,022.55","3.59","2.90"
"MFSL","1,209.90","1,223.80","1,198.10","1,209.70","1,217.70","-","8.00","0.66","28,68,366","346.23","1,306.45","864.00","10.51","21.18"
"DALBHARAT","1,826.20","1,864.90","1,795.70","1,846.40","1,858.50","-","12.10","0.66","5,13,508","94.80","1,988.35","1,601.00","7.26","-5.00"
"JBMA","694.75","704.75","682.55","694.75","699.25","-","4.50","0.65","23,74,531","164.84","1,169.38","489.80","29.68","-60.16"
"RPOWER","41.95","42.97","41.66","41.83","42.10","-","0.27","0.65","3,43,11,985","144.93","53.64","23.30","11.69","-"
"SHREECEM","30,795.00","31,090.00","30,525.00","30,800.00","31,000.00","-","200.00","0.65","36,538","112.55","31,290.00","23,500.00","8.67","26.91"
"WOCKPHARMA","1,402.00","1,426.00","1,383.00","1,392.40","1,401.50","-","9.10","0.65","3,09,368","43.64","1,679.90","490.15","-0.57","-"
"EIHOTEL","370.40","378.30","368.40","370.40","372.80","-","2.40","0.65","3,08,725","11.53","500.00","305.00","3.02","-18.09"
"RECLTD","424.00","431.40","421.20","424.80","427.50","-","2.70","0.64","63,25,350","269.98","654.00","357.35","-0.21","-0.01"
"AUBANK","582.35","591.30","576.40","582.35","586.00","-","3.65","0.63","27,59,263","161.06","755.40","478.35","11.55","-5.56"
"PRESTIGE","1,205.00","1,232.00","1,185.00","1,207.40","1,215.00","-","7.60","0.63","6,31,616","76.47","2,074.80","1,048.05","1.20","-0.97"
"BANKBARODA","241.05","244.67","241.05","240.79","242.26","-","1.47","0.61","1,02,50,305","248.89","299.70","190.70","13.59","-6.25"
"ITC","425.00","427.85","421.55","424.45","427.00","-","2.55","0.60","2,24,10,217","953.26","528.50","390.15","6.00","2.01"
"COLPAL","2,577.00","2,601.10","2,531.20","2,551.60","2,567.00","-","15.40","0.60","4,13,204","106.34","3,890.00","2,311.50","6.49","-3.64"
"ESCORTS","3,240.00","3,279.90","3,210.00","3,231.90","3,251.00","-","19.10","0.59","67,535","21.96","4,420.00","2,825.20","2.39","8.18"
"BAJAJ-AUTO","7,994.00","8,055.00","7,864.50","7,961.50","8,008.00","-","46.50","0.58","2,74,331","218.86","12,774.00","7,089.35","3.84","-11.12"
"MCX","5,628.00","5,741.00","5,603.50","5,628.00","5,660.00","-","32.00","0.57","5,30,485","302.07","7,048.60","2,917.85","8.85","45.70"
"HINDZINC","438.00","444.90","430.15","438.00","440.50","-","2.50","0.57","20,32,014","89.23","807.70","378.15","-3.20","8.58"
"INDUSINDBK","788.25","801.00","777.30","788.25","792.70","-","4.45","0.56","1,39,86,710","1,107.58","1,550.00","606.00","14.72","-46.10"
"PNB","98.78","100.10","98.45","98.83","99.38","-","0.55","0.56","2,48,65,290","246.96","142.90","85.46","9.32","-23.20"
"ANANTRAJ","469.20","475.65","463.50","470.00","472.65","-","2.65","0.56","15,17,550","71.34","947.90","319.15","-9.90","41.21"
"TIMKEN","2,579.00","2,588.90","2,521.50","2,566.00","2,580.00","-","14.00","0.55","38,520","9.89","4,817.90","2,202.00","-3.56","-15.25"
"MAXHEALTH","1,074.00","1,088.40","1,063.00","1,077.50","1,083.30","-","5.80","0.54","29,92,562","322.34","1,227.95","743.10","-0.28","39.37"
"VOLTAS","1,280.10","1,294.60","1,263.10","1,277.10","1,284.00","-","6.90","0.54","20,03,289","256.43","1,944.90","1,135.00","-14.07","-0.53"
"AMBUJACEM","565.75","571.10","562.15","565.75","568.80","-","3.05","0.54","24,68,279","140.14","706.95","453.05","12.38","-7.39"
"LT","3,214.10","3,249.90","3,162.40","3,227.70","3,244.90","-","17.20","0.53","32,09,331","1,029.09","3,963.50","2,965.30","-2.18","-8.55"
"MMTC","53.72","54.60","53.30","53.62","53.90","-","0.28","0.52","12,79,044","6.90","131.80","44.50","0.43","-24.19"
"HCLTECH","1,420.00","1,442.10","1,384.00","1,431.70","1,439.00","-","7.30","0.51","35,49,969","500.40","2,012.20","1,235.00","-6.89","-1.97"
"LICI","799.95","806.75","792.35","797.65","801.70","-","4.05","0.51","9,57,520","76.69","1,222.00","715.30","3.41","-16.42"
"RRKABEL","940.00","956.90","932.00","935.75","940.50","-","4.75","0.51","74,387","7.04","1,901.95","853.55","2.60","-42.27"
"OLECTRA","1,231.50","1,251.90","1,220.50","1,232.00","1,238.00","-","6.00","0.49","5,58,689","69.18","1,960.00","989.95","10.09","-29.97"
"CYIENT","1,184.50","1,198.00","1,157.60","1,184.50","1,190.30","-","5.80","0.49","3,12,649","36.87","2,157.45","1,084.05","-5.12","-40.91"
"IEX","186.61","189.53","185.61","186.61","187.50","-","0.89","0.48","43,74,184","82.18","244.40","134.15","11.71","29.44"
"GMDCLTD","313.00","322.70","311.40","315.00","316.50","-","1.50","0.48","23,94,514","76.02","452.95","226.59","21.25","-16.75"
"NEULANDLAB","12,650.00","13,111.00","12,650.00","12,749.00","12,810.00","-","61.00","0.48","33,923","43.71","18,100.00","5,540.10","11.47","67.46"
"JPPOWER","15.25","15.59","15.20","15.41","15.48","-","0.07","0.45","2,63,08,745","40.57","23.77","12.36","4.88","-"
"SHYAMMETL","898.10","904.50","880.70","898.95","903.00","-","4.05","0.45","2,36,626","21.21","956.90","524.20","4.71","49.47"
"IKS","1,419.00","1,424.50","1,406.00","1,413.50","1,419.90","-","6.40","0.45","34,010","4.81","2,189.00","1,236.80","-5.24","-"
"BHEL","228.00","229.40","224.53","226.00","227.00","-","1.00","0.44","1,42,26,916","323.63","335.35","176.00","10.55","-10.19"
"LEMONTREE","142.64","143.50","140.30","141.72","142.35","-","0.63","0.44","21,70,527","30.86","162.40","112.29","4.66","5.95"
"BOSCHLTD","27,485.00","27,580.00","27,025.00","27,370.00","27,490.00","-","120.00","0.44","10,197","27.93","39,088.80","25,921.60","-0.19","-8.08"
"GLAND","1,454.80","1,454.80","1,422.10","1,442.60","1,449.00","-","6.40","0.44","1,40,459","20.31","2,220.95","1,277.80","-8.41","-17.85"
"DRREDDY","1,150.10","1,173.60","1,150.10","1,158.40","1,163.30","-","4.90","0.42","27,88,024","324.76","1,421.49","1,020.00","-0.73","-80.47"
"GRANULES","462.00","470.90","457.15","463.05","465.00","-","1.95","0.42","11,34,381","52.90","721.00","389.35","-5.79","12.75"
"HDFCLIFE","716.05","723.75","709.55","716.05","719.00","-","2.95","0.41","31,05,731","222.61","761.20","511.40","8.35","18.89"
"IRB","46.50","47.37","46.27","46.69","46.88","-","0.19","0.41","1,30,20,858","60.95","78.15","40.96","3.10","-28.16"
"BLS","382.80","393.40","381.75","383.50","385.00","-","1.50","0.39","44,54,856","172.59","521.80","277.95","10.60","18.01"
"BALKRISIND","2,495.00","2,518.80","2,468.00","2,490.20","2,500.00","-","9.80","0.39","1,08,472","27.06","3,375.00","2,152.05","-4.42","7.26"
"ABFRL","264.80","272.30","264.35","264.30","265.30","-","1.00","0.38","46,25,605","124.36","364.40","225.50","5.95","15.87"
"DIXON","15,210.00","15,419.00","15,150.00","15,252.00","15,309.00","-","57.00","0.37","3,65,315","558.51","19,148.90","7,198.35","10.43","104.35"
"PIDILITIND","3,026.50","3,053.30","3,008.10","3,026.50","3,037.50","-","11.00","0.36","2,84,838","86.42","3,415.00","2,622.20","11.07","5.66"
"BIOCON","329.10","333.00","327.55","329.15","330.35","-","1.20","0.36","9,58,981","31.75","404.70","259.85","-3.10","23.99"
"TATAPOWER","381.00","384.35","378.50","381.25","382.60","-","1.35","0.35","61,56,250","234.79","494.85","326.35","2.76","-11.18"
"DOMS","2,842.00","2,929.20","2,810.20","2,878.00","2,888.00","-","10.00","0.35","2,37,572","68.43","3,115.00","1,679.80","-1.51","64.25"
"PEL","987.40","1,005.00","981.20","990.25","993.70","-","3.45","0.35","4,40,892","43.80","1,275.00","736.60","3.40","18.30"
"MPHASIS","2,253.00","2,284.50","2,191.10","2,267.10","2,274.80","-","7.70","0.34","8,68,626","195.57","3,237.95","2,044.55","-0.53","-2.69"
"TATAINVEST","6,289.50","6,333.50","6,225.50","6,258.50","6,280.00","-","21.50","0.34","20,411","12.82","8,074.25","5,145.15","0.34","-"
"JUBLPHARMA","921.00","924.80","895.20","915.95","919.00","-","3.05","0.33","2,52,814","23.09","1,309.90","617.05","1.99","31.15"
"KPIL","931.90","943.55","922.05","931.90","935.00","-","3.10","0.33","89,050","8.32","1,449.00","786.30","1.05","-20.68"
"BEL","293.00","296.60","291.15","293.60","294.55","-","0.95","0.32","1,36,09,937","400.85","340.50","221.00","1.78","27.69"
"IRFC","129.99","131.00","128.16","129.06","129.47","-","0.41","0.32","1,85,64,617","240.69","229.00","108.04","1.07","-8.78"
"NMDC","65.74","66.39","65.20","65.74","65.95","-","0.21","0.32","1,30,62,706","86.06","95.45","59.53","-4.23","-71.99"
"CENTRALBK","36.12","36.67","35.85","36.11","36.22","-","0.11","0.30","1,19,36,599","43.26","73.00","33.16","-16.99","-41.36"
"SKFINDIA","3,877.00","3,924.90","3,860.10","3,898.20","3,910.00","-","11.80","0.30","17,161","6.69","7,350.00","3,541.00","4.59","-15.00"
"BRIGADE","980.95","993.00","976.00","983.15","986.00","-","2.85","0.29","3,31,762","32.71","1,453.10","852.00","3.93","-4.33"
"VEDL","398.25","403.75","393.15","398.70","399.80","-","1.10","0.28","82,12,290","327.64","526.95","363.00","-13.14","2.97"
"IGL","177.95","178.25","175.11","176.53","177.01","-","0.48","0.27","38,94,397","68.88","285.18","153.05","-8.45","-59.54"
"LLOYDSME","1,286.00","1,296.00","1,263.60","1,284.10","1,287.60","-","3.50","0.27","3,26,120","41.81","1,478.00","592.00","2.94","78.81"
"HAL","4,209.00","4,253.00","4,192.10","4,209.20","4,220.00","-","10.80","0.26","12,16,496","514.13","5,674.75","3,046.05","12.83","14.77"
"HINDUNILVR","2,357.10","2,379.90","2,343.10","2,366.60","2,372.50","-","5.90","0.25","19,62,402","464.12","3,035.00","2,136.00","7.95","7.23"
"JWL","382.00","387.80","380.15","383.15","384.10","-","0.95","0.25","12,31,876","47.32","748.10","270.05","21.81","2.11"
"BANDHANBNK","158.41","159.95","157.51","158.41","158.79","-","0.38","0.24","67,13,315","106.57","222.31","128.16","12.40","-8.37"
"IIFL","333.45","340.45","329.70","333.10","333.90","-","0.80","0.24","10,95,405","36.84","560.60","279.80","1.16","-20.31"
"PVRINOX","952.75","969.25","938.90","952.75","955.00","-","2.25","0.24","1,88,712","18.05","1,748.00","830.00","-1.62","-32.59"
"COCHINSHIP","1,449.80","1,479.90","1,435.00","1,446.70","1,450.00","-","3.30","0.23","8,88,593","129.23","2,979.45","1,043.75","-0.47","34.51"
"DATAPATTNS","1,889.00","1,913.00","1,860.60","1,890.70","1,895.00","-","4.30","0.23","5,43,121","102.30","3,655.00","1,351.15","10.70","-30.68"
"JSL","561.60","569.25","554.65","558.70","560.00","-","1.30","0.23","8,20,538","45.96","848.00","496.60","-14.33","-16.81"
"IFCI","43.54","44.90","43.33","43.62","43.72","-","0.10","0.23","66,15,613","29.10","91.40","36.20","-0.18","4.34"
"HONAUT","34,450.00","35,200.00","33,910.00","34,235.00","34,310.00","-","75.00","0.22","16,009","54.98","59,994.00","31,025.00","-0.90","-21.78"
"ASIANPAINT","2,459.90","2,476.40","2,431.00","2,459.90","2,465.00","-","5.10","0.21","8,85,842","218.11","3,394.90","2,124.75","8.21","-12.10"
"TATASTEEL","134.40","137.96","133.70","136.97","137.24","-","0.27","0.20","6,22,82,856","846.98","184.60","122.62","-13.53","-14.31"
"BERGEPAINT","542.65","548.60","537.05","542.05","543.15","-","1.10","0.20","12,94,585","70.62","629.50","437.75","8.42","5.37"
"AADHARHFC","485.10","491.30","480.90","485.10","486.05","-","0.95","0.20","6,45,436","31.36","516.80","292.00","9.51","-"
"NATCOPHARM","826.60","836.00","817.60","826.60","828.15","-","1.55","0.19","2,99,953","24.76","1,639.00","726.80","0.27","-16.91"
"PAGEIND","44,925.00","45,080.00","44,470.00","44,930.00","45,000.00","-","70.00","0.16","23,368","104.86","49,849.95","33,870.00","8.73","26.86"
"RAILTEL","310.00","313.25","307.05","309.40","309.90","-","0.50","0.16","11,64,586","36.11","617.80","265.50","4.54","-14.93"
"SCI","175.50","178.16","174.73","175.24","175.52","-","0.28","0.16","17,55,614","30.95","384.20","138.26","11.42","-16.59"
"HINDCOPPER","208.89","214.20","208.00","209.69","210.00","-","0.31","0.15","27,05,521","57.22","415.80","183.82","-5.60","-40.81"
"DEVYANI","164.01","167.75","163.36","165.21","165.45","-","0.24","0.15","26,12,346","43.34","222.74","134.00","7.74","2.01"
"RENUKA","28.49","29.12","28.22","28.65","28.69","-","0.04","0.14","34,06,989","9.80","56.50","24.71","-4.21","-33.63"
"GODREJIND","1,139.90","1,146.20","1,111.50","1,134.30","1,135.50","-","1.20","0.11","92,428","10.40","1,314.00","725.00","-3.24","34.94"
"HBLENGINE","514.50","522.05","510.40","515.10","515.60","-","0.50","0.10","8,80,181","45.47","739.65","405.00","7.32","-"
"DCMSHRIRAM","1,055.10","1,077.00","1,051.10","1,069.00","1,070.00","-","1.00","0.09","31,579","3.36","1,371.10","886.35","4.20","15.07"
"NYKAA","189.50","191.97","187.68","189.84","190.00","-","0.16","0.08","66,82,340","126.82","229.80","149.75","14.93","13.41"
"POONAWALLA","385.70","391.00","383.25","383.80","384.10","-","0.30","0.08","16,42,443","63.43","514.00","267.20","18.87","-23.15"
"CONCOR","698.65","702.85","690.00","699.30","699.70","-","0.40","0.06","8,77,708","61.27","1,180.00","601.25","2.19","-24.35"
"GILLETTE","7,875.00","7,895.50","7,756.50","7,805.50","7,810.00","-","4.50","0.06","19,789","15.50","10,699.00","6,191.00","-3.34","20.38"
"GPPL","143.40","145.18","142.24","143.41","143.49","-","0.08","0.06","8,08,247","11.63","250.69","122.50","4.69","-29.88"
"FLUOROCHEM","3,960.00","3,996.30","3,892.00","3,930.50","3,932.50","-","2.00","0.05","36,902","14.55","4,880.95","2,476.00","3.39","10.27"
"ADANIGREEN","945.60","972.00","940.00","945.60","946.00","-","0.40","0.04","29,05,274","277.47","2,174.10","758.00","3.95","-46.65"
"FEDERALBNK","194.01","196.20","193.25","194.92","195.00","-","0.08","0.04","95,04,482","185.00","217.00","148.00","4.65","28.06"
"CESC","157.68","161.64","156.56","157.68","157.75","-","0.07","0.04","42,69,973","68.02","212.49","119.00","7.14","11.11"
"JKCEMENT","5,037.50","5,084.00","5,006.80","5,050.90","5,053.00","-","2.10","0.04","60,368","30.49","5,123.50","3,642.00","9.08","22.71"
"ACC","2,059.30","2,066.00","2,047.30","2,059.30","2,060.20","-","0.90","0.04","1,01,779","20.95","2,844.00","1,778.45","8.51","-14.52"
"BLUEDART","6,450.00","6,477.00","6,325.00","6,368.00","6,370.00","-","2.00","0.03","8,986","5.75","9,488.70","5,365.00","8.13","3.94"
"BSE","5,909.00","6,040.00","5,865.50","5,930.50","5,931.00","-","0.50","0.01","25,84,490","1,535.60","6,133.40","2,115.00","35.03","113.26"
"MARUTI","11,664.00","11,728.00","11,525.00","11,664.00","11,665.00","-","1.00","0.01","3,02,146","351.88","13,680.00","10,725.00","0.68","-5.72"
"PCBL","433.20","439.65","430.70","432.95","433.00","-","0.05","0.01","14,04,474","61.11","584.40","209.00","11.28","66.90"
"RTNINDIA","42.95","44.01","42.65","43.15","43.15","-","-","-","19,49,138","8.46","92.10","37.42","2.69","-40.65"
"LUPIN","1,935.00","1,961.90","1,922.10","1,934.20","1,934.10","-","-0.10","-0.01","14,43,207","279.79","2,402.90","1,493.30","-6.00","21.53"
"OLAELEC","50.35","50.70","50.10","50.21","50.20","-","-0.01","-0.02","2,05,97,955","103.69","157.40","45.35","-6.74","-"
"WHIRLPOOL","1,100.20","1,115.00","1,085.90","1,100.20","1,100.00","-","-0.20","-0.02","2,62,970","28.98","2,449.70","899.00","14.45","-21.89"
"ADANIENT","2,418.00","2,448.60","2,392.00","2,415.60","2,414.80","-","-0.80","-0.03","10,54,797","255.59","3,743.90","2,025.00","4.29","-19.91"
"MGL","1,262.00","1,262.70","1,238.00","1,252.40","1,252.00","-","-0.40","-0.03","7,21,675","90.19","1,988.00","1,075.25","-6.07","-10.68"
"LINDEINDIA","6,203.00","6,330.00","6,198.50","6,236.00","6,234.00","-","-2.00","-0.03","26,614","16.68","9,935.05","5,242.40","-2.14","-13.29"
"TATACHEM","848.00","859.65","843.10","847.50","847.15","-","-0.35","-0.04","6,13,179","52.24","1,247.35","756.00","1.88","-23.19"
"ANANDRATHI","1,758.90","1,758.90","1,710.10","1,732.70","1,732.00","-","-0.70","-0.04","62,667","10.86","2,323.00","1,594.00","1.48","-58.10"
"SRF","2,972.00","3,022.80","2,971.10","2,991.60","2,990.00","-","-1.60","-0.05","6,08,478","182.38","3,054.90","2,089.10","-0.50","18.20"
"SIEMENS","2,813.50","2,850.00","2,770.00","2,811.50","2,810.00","-","-1.50","-0.05","5,37,062","151.21","8,129.90","2,450.00","-46.21","-49.64"
"COALINDIA","396.90","399.55","388.30","399.25","399.00","-","-0.25","-0.06","83,64,450","330.46","543.55","349.25","0.76","-9.06"
"PFC","423.00","426.50","417.00","423.80","423.55","-","-0.25","-0.06","61,71,410","261.00","580.00","357.25","4.90","7.14"
"LAURUSLABS","626.80","634.95","624.05","626.90","626.55","-","-0.35","-0.06","19,64,197","123.51","646.20","385.45","3.62","45.58"
"ATGL","607.90","622.25","604.00","608.00","607.60","-","-0.40","-0.07","9,28,948","56.90","1,190.00","532.60","-2.30","-33.90"
"IRCON","160.00","162.44","159.06","160.61","160.50","-","-0.11","-0.07","31,77,959","51.05","351.60","134.24","3.25","-27.59"
"SCHNEIDER","609.80","609.80","597.60","608.45","608.00","-","-0.45","-0.07","2,71,323","16.39","980.00","561.15","-5.99","-"
"HAPPSTMNDS","577.05","579.40","570.65","577.90","577.50","-","-0.40","-0.07","1,54,302","8.89","956.00","519.30","-10.07","-28.69"
"CEATLTD","3,023.80","3,062.00","2,986.00","3,023.80","3,021.00","-","-2.80","-0.09","1,12,022","33.93","3,578.80","2,210.15","10.56","20.62"
"METROPOLIS","1,665.30","1,670.00","1,641.60","1,666.70","1,665.00","-","-1.70","-0.10","1,35,141","22.42","2,318.30","1,315.00","2.35","-4.43"
"RAMCOCEM","963.00","972.10","954.45","962.20","961.25","-","-0.95","-0.10","2,18,856","21.11","1,060.00","700.00","13.01","21.00"
"INDHOTEL","845.00","845.65","837.20","842.05","841.00","-","-1.05","-0.12","17,53,598","147.59","894.90","506.45","3.77","41.76"
"JSWSTEEL","996.00","1,008.60","987.10","1,009.40","1,008.00","-","-1.40","-0.14","20,74,019","207.39","1,074.90","823.80","-2.53","19.22"
"ANGELONE","2,201.00","2,385.80","2,201.00","2,352.60","2,348.90","-","-3.70","-0.16","55,58,254","1,284.62","3,503.15","1,941.00","6.36","-15.63"
"LTTS","4,200.00","4,253.30","4,112.20","4,235.80","4,229.20","-","-6.60","-0.16","1,19,768","50.18","6,000.00","3,966.00","-8.88","-19.76"
"CUMMINSIND","2,890.00","2,919.00","2,831.60","2,895.50","2,890.00","-","-5.50","-0.19","4,68,043","134.71","4,171.90","2,580.00","-3.70","-7.45"
"ALKEM","4,979.00","4,989.50","4,881.10","4,957.60","4,948.00","-","-9.60","-0.19","45,830","22.63","6,439.90","4,407.05","2.09","6.50"
"FINPIPE","176.20","178.24","173.70","175.87","175.54","-","-0.33","-0.19","10,82,070","19.01","355.90","153.92","-0.19","-30.94"
"ELGIEQUIP","444.00","449.40","435.10","441.10","440.20","-","-0.90","-0.20","9,39,809","41.44","798.95","401.00","-13.41","-29.68"
"MSUMI","53.02","53.64","52.45","53.02","52.91","-","-0.11","-0.21","22,62,386","12.01","80.00","46.08","-0.08","-24.65"
"SYNGENE","734.00","738.95","721.55","729.15","727.50","-","-1.65","-0.23","2,91,049","21.19","960.60","607.65","2.97","2.59"
"ABBOTINDIA","30,755.00","30,975.00","30,580.00","30,710.00","30,635.00","-","-75.00","-0.24","4,806","14.79","31,898.95","25,200.00","1.12","17.74"
"BPCL","298.00","301.75","295.45","298.75","298.00","-","-0.75","-0.25","75,10,897","224.19","376.00","234.01","12.47","-49.40"
"POLYCAB","5,288.00","5,336.50","5,245.50","5,299.50","5,286.50","-","-13.00","-0.25","2,59,527","137.52","7,605.00","4,555.00","-2.67","-0.69"
"TITAGARH","789.00","802.85","783.05","789.20","787.20","-","-2.00","-0.25","9,20,916","72.87","1,896.95","654.55","4.67","-19.76"
"ABREL","1,902.10","1,905.80","1,870.10","1,894.80","1,890.00","-","-4.80","-0.25","1,09,930","20.79","3,140.00","1,638.00","-1.67","-"
"BBTC","1,923.90","1,923.90","1,891.80","1,909.70","1,905.00","-","-4.70","-0.25","44,929","8.56","2,975.00","1,318.20","9.83","25.29"
"HEROMOTOCO","3,781.90","3,797.60","3,664.30","3,781.90","3,772.00","-","-9.90","-0.26","9,70,749","362.26","6,246.25","3,344.00","6.64","-11.28"
"JSWENERGY","511.00","516.60","506.65","509.70","508.40","-","-1.30","-0.26","22,26,131","113.52","804.90","418.75","-11.01","-19.19"
"TIINDIA","2,515.00","2,534.00","2,463.10","2,503.60","2,496.90","-","-6.70","-0.27","7,77,246","194.27","4,810.80","2,407.10","-12.72","-29.03"
"NLCINDIA","243.00","246.90","239.13","242.15","241.49","-","-0.66","-0.27","15,80,726","38.34","311.80","186.03","-2.86","6.83"
"TECHM","1,295.10","1,308.90","1,275.90","1,308.70","1,304.80","-","-3.90","-0.30","30,27,966","391.71","1,807.70","1,162.95","-6.40","10.78"
"AWL","283.20","287.35","281.15","283.05","282.20","-","-0.85","-0.30","19,99,708","56.78","403.95","231.55","11.51","-15.37"
"GLAXO","2,917.00","2,963.90","2,825.70","2,926.90","2,918.00","-","-8.90","-0.30","1,51,023","43.42","3,088.00","1,854.00","2.41","53.95"
"HINDALCO","608.90","616.00","604.00","609.90","608.00","-","-1.90","-0.31","45,18,317","275.30","772.65","546.45","-12.75","-0.54"
"PIIND","3,641.60","3,655.00","3,612.10","3,641.60","3,630.10","-","-11.50","-0.32","78,387","28.54","4,804.05","2,951.10","7.06","-1.92"
"APLLTD","846.60","860.95","842.75","851.95","849.20","-","-2.75","-0.32","3,00,164","25.53","1,303.90","725.20","1.00","-8.72"
"KNRCON","229.50","231.00","225.55","228.15","227.40","-","-0.75","-0.33","10,36,997","23.59","415.40","192.55","-6.84","-13.21"
"KANSAINER","259.99","259.99","255.01","259.87","259.00","-","-0.87","-0.33","2,79,962","7.21","320.50","218.20","9.37","-5.61"
"AAVAS","2,030.00","2,034.00","1,988.10","2,030.90","2,024.00","-","-6.90","-0.34","1,52,637","30.70","2,139.00","1,460.95","5.54","32.39"
"GODREJCP","1,232.20","1,245.30","1,214.40","1,244.60","1,240.20","-","-4.40","-0.35","12,17,599","149.98","1,541.85","979.50","15.36","6.58"
"ASAHIINDIA","662.10","673.00","656.05","667.45","665.10","-","-2.35","-0.35","32,364","2.15","833.95","540.00","9.13","15.92"
"FINCABLES","897.40","909.00","890.65","896.45","893.20","-","-3.25","-0.36","1,86,463","16.76","1,700.00","780.00","2.83","-9.28"
"CAMS","3,900.00","3,941.80","3,837.70","3,894.40","3,880.00","-","-14.40","-0.37","4,27,656","166.97","5,367.50","3,010.10","1.74","21.26"
"ZENSARTECH","653.00","666.90","648.10","656.45","654.00","-","-2.45","-0.37","4,44,978","29.29","984.95","530.25","-2.67","12.73"
"GRSE","1,721.70","1,764.00","1,703.00","1,721.50","1,715.00","-","-6.50","-0.38","10,24,910","176.92","2,833.80","845.20","4.46","98.30"
"DABUR","480.45","480.55","476.20","481.35","479.50","-","-1.85","-0.38","8,44,403","40.44","672.00","433.30","-3.26","-4.87"
"EXIDEIND","377.00","378.80","368.55","377.00","375.50","-","-1.50","-0.40","41,92,616","157.14","620.35","328.00","7.18","-16.54"
"BEML","3,120.00","3,168.40","3,096.10","3,116.50","3,104.00","-","-12.50","-0.40","2,20,973","68.96","5,488.00","2,350.00","13.39","-9.86"
"NHPC","85.40","85.95","84.86","85.32","84.97","-","-0.35","-0.41","1,66,34,569","141.68","118.40","71.00","5.96","-5.05"
"MASTEK","2,305.00","2,365.70","2,296.30","2,333.70","2,324.10","-","-9.60","-0.41","2,34,216","54.73","3,375.00","1,887.00","0.44","-16.63"
"SOBHA","1,212.20","1,212.20","1,180.00","1,202.10","1,197.00","-","-5.10","-0.42","3,19,162","38.07","2,155.35","1,075.30","-3.66","-25.97"
"ASTERDM","500.00","509.90","497.30","500.30","498.15","-","-2.15","-0.43","5,47,398","27.45","537.70","311.10","15.99","-4.27"
"BSOFT","369.05","372.40","364.00","372.10","370.45","-","-1.65","-0.44","19,34,269","71.36","760.45","331.00","-5.96","-46.80"
"WESTLIFE","708.10","720.95","699.00","708.10","705.00","-","-3.10","-0.44","72,662","5.14","957.00","640.70","-2.09","-14.66"
"KALYANKJIL","525.25","533.30","516.20","525.35","522.95","-","-2.40","-0.46","56,28,907","295.20","795.40","336.05","15.68","30.46"
"OBEROIRLTY","1,646.00","1,656.00","1,620.60","1,641.40","1,633.90","-","-7.50","-0.46","3,90,973","64.01","2,343.65","1,359.25","1.64","17.26"
"SUPREMEIND","3,402.00","3,437.00","3,342.80","3,398.20","3,382.50","-","-15.70","-0.46","1,34,499","45.83","6,460.00","3,095.00","-0.94","-19.08"
"NIVABUPA","76.10","76.12","74.71","76.10","75.75","-","-0.35","-0.46","6,46,347","4.88","109.34","68.54","4.88","-"
"TATATECH","650.95","656.70","648.35","653.80","650.70","-","-3.10","-0.47","9,31,823","60.83","1,136.00","597.00","-2.95","-37.91"
"NETWORK18","45.00","45.24","44.46","45.11","44.90","-","-0.21","-0.47","24,94,357","11.18","106.00","39.66","2.33","-"
"JYOTHYLAB","376.90","378.05","371.35","376.90","375.10","-","-1.80","-0.48","3,33,632","12.53","595.85","300.10","13.24","-9.40"
"FSL","336.90","341.40","331.50","338.15","336.50","-","-1.65","-0.49","22,82,606","76.90","422.30","176.25","14.48","70.66"
"WELSPUNLIV","131.79","133.40","129.38","132.05","131.40","-","-0.65","-0.49","17,41,486","22.95","212.95","104.80","0.67","-10.51"
"JYOTICNC","1,080.00","1,091.70","1,063.50","1,078.70","1,073.30","-","-5.40","-0.50","2,54,529","27.41","1,504.30","708.00","-0.71","44.40"
"INOXINDIA","1,002.00","1,034.90","1,002.00","1,021.10","1,016.00","-","-5.10","-0.50","72,998","7.46","1,506.90","884.20","0.81","-22.24"
"CERA","5,719.50","5,720.00","5,622.00","5,681.50","5,653.00","-","-28.50","-0.50","6,968","3.94","10,789.95","5,060.05","6.55","-20.23"
"GODREJPROP","2,000.70","2,014.90","1,975.40","2,000.30","1,990.00","-","-10.30","-0.51","10,65,499","212.06","3,402.70","1,900.00","-5.39","-21.54"
"BDL","1,397.70","1,414.40","1,376.80","1,399.30","1,392.00","-","-7.30","-0.52","13,78,623","191.97","1,794.70","876.05","16.29","-23.03"
"IDFCFIRSTB","63.00","64.05","60.66","63.32","62.98","-","-0.34","-0.54","12,06,05,006","754.87","86.10","52.46","13.68","-23.73"
"ATUL","5,715.50","5,760.50","5,635.50","5,715.50","5,683.00","-","-32.50","-0.57","75,243","42.75","8,180.00","4,752.00","0.13","-3.43"
"NAUKRI","6,744.50","6,764.00","6,561.50","6,776.00","6,737.00","-","-39.00","-0.58","2,55,078","170.68","9,128.90","5,250.00","-0.22","17.78"
"TRITURBINE","513.00","514.10","499.00","512.95","510.00","-","-2.95","-0.58","13,72,414","69.37","885.00","460.30","-10.10","-1.78"
"RAINBOW","1,512.20","1,512.20","1,496.70","1,512.20","1,503.50","-","-8.70","-0.58","1,02,854","15.44","1,709.60","1,079.10","16.73","15.61"
"ASTRAL","1,324.90","1,326.60","1,284.40","1,313.80","1,306.00","-","-7.80","-0.59","6,45,710","84.39","2,454.00","1,232.30","3.63","-34.25"
"UNIONBANK","127.10","127.85","125.15","127.26","126.50","-","-0.76","-0.60","89,86,202","113.73","172.50","100.81","5.77","-11.20"
"KAYNES","5,670.10","5,741.90","5,535.00","5,671.20","5,635.00","-","-36.20","-0.64","6,48,154","365.35","7,822.00","2,424.00","23.10","121.40"
"TTML","59.90","60.14","59.15","60.24","59.85","-","-0.39","-0.65","21,47,044","12.81","111.40","50.10","-2.71","-21.91"
"AMBER","6,790.00","6,974.00","6,643.50","6,744.50","6,700.00","-","-44.50","-0.66","6,33,384","429.81","8,177.00","3,310.00","-2.56","86.24"
"COROMANDEL","2,130.00","2,172.50","2,101.40","2,133.60","2,119.00","-","-14.60","-0.68","5,38,004","114.84","2,270.50","1,071.90","7.06","89.15"
"TATAELXSI","4,906.00","4,936.00","4,826.50","4,929.00","4,895.00","-","-34.00","-0.69","3,63,566","177.62","9,080.00","4,700.00","-8.68","-34.60"
"SBFC","98.39","99.45","96.63","98.33","97.65","-","-0.68","-0.69","26,84,744","26.30","105.81","77.05","15.56","10.67"
"UPL","659.65","664.95","650.75","659.65","655.05","-","-4.60","-0.70","15,95,004","104.91","671.30","446.49","1.53","37.17"
"AFCONS","444.00","447.05","438.50","445.10","442.00","-","-3.10","-0.70","3,66,431","16.26","570.00","398.00","-2.63","-"
"LODHA","1,240.40","1,262.40","1,225.00","1,240.80","1,232.00","-","-8.80","-0.71","8,72,152","108.35","1,649.95","1,035.15","4.98","4.63"
"SWANENERGY","430.85","441.75","425.25","432.10","428.95","-","-3.15","-0.73","20,76,035","90.01","809.80","362.20","1.62","-30.36"
"DEEPAKNTR","1,980.00","1,982.60","1,950.00","1,970.50","1,956.00","-","-14.50","-0.74","1,11,568","21.92","3,169.00","1,782.00","-3.24","-14.99"
"HEG","479.75","492.00","475.65","479.75","476.10","-","-3.65","-0.76","12,00,056","58.20","619.50","331.25","14.83","-80.52"
"CLEAN","1,200.00","1,203.00","1,173.00","1,184.00","1,175.00","-","-9.00","-0.76","3,35,900","39.55","1,690.00","1,106.45","-3.75","-10.45"
"ACMESOLAR","205.08","207.74","202.25","204.72","203.15","-","-1.57","-0.77","6,60,386","13.46","292.40","167.75","-0.65","-"
"HINDPETRO","389.90","391.30","385.05","390.05","387.00","-","-3.05","-0.78","23,58,710","91.42","457.15","287.55","18.20","-18.77"
"KPITTECH","1,140.00","1,152.00","1,116.10","1,149.20","1,140.00","-","-9.20","-0.80","14,19,614","160.79","1,928.70","1,020.60","-10.05","-18.70"
"ALOKINDS","16.24","16.30","16.10","16.24","16.11","-","-0.13","-0.80","36,04,208","5.83","30.00","14.01","-1.16","-"
"BATAINDIA","1,234.00","1,244.00","1,221.00","1,234.30","1,224.10","-","-10.20","-0.83","1,42,466","17.48","1,633.00","1,140.30","-3.52","-8.86"
"PFIZER","4,197.00","4,202.90","4,151.00","4,201.80","4,166.00","-","-35.80","-0.85","17,456","7.28","6,451.15","3,701.00","2.36","1.24"
"MAZDOCK","2,731.90","2,814.80","2,695.00","2,731.90","2,708.00","-","-23.90","-0.87","41,50,958","1,138.59","2,930.00","1,045.00","3.25","25.57"
"CROMPTON","335.00","338.65","331.80","335.10","332.20","-","-2.90","-0.87","27,10,533","90.87","484.00","287.45","-7.84","11.57"
"EIDPARRY","806.00","837.00","806.00","840.35","833.00","-","-7.35","-0.87","2,59,533","21.55","997.00","592.80","9.43","37.39"
"TORNTPOWER","1,591.50","1,609.90","1,580.20","1,605.20","1,591.10","-","-14.10","-0.88","2,43,465","38.73","2,037.00","1,207.25","10.45","5.27"
"ECLERX","2,515.00","2,515.00","2,478.10","2,517.20","2,495.00","-","-22.20","-0.88","23,670","5.91","3,877.00","2,114.00","-3.15","2.18"
"TEJASNET","866.00","867.70","846.60","863.25","855.50","-","-7.75","-0.90","9,32,397","79.80","1,495.00","646.55","20.71","7.69"
"SUMICHEM","560.00","565.90","550.55","556.80","551.75","-","-5.05","-0.91","2,51,739","14.00","628.30","380.05","8.36","38.26"
"MARICO","718.00","726.30","713.05","720.45","713.75","-","-6.70","-0.93","25,84,756","185.28","736.90","495.15","15.46","41.15"
"SJVN","94.99","95.69","93.41","95.03","94.15","-","-0.88","-0.93","49,51,325","46.79","159.65","80.54","2.69","-26.39"
"INDGN","570.10","578.95","567.35","574.85","569.50","-","-5.35","-0.93","2,06,879","11.79","736.30","470.10","6.27","-"
"PPLPHARMA","221.79","223.13","219.20","221.84","219.73","-","-2.11","-0.95","16,50,492","36.56","307.90","136.10","0.87","55.38"
"NAVINFLUOR","4,286.60","4,314.80","4,220.00","4,270.90","4,230.00","-","-40.90","-0.96","85,788","36.66","4,381.00","2,875.95","4.25","31.48"
"ERIS","1,384.00","1,403.60","1,372.00","1,400.50","1,387.00","-","-13.50","-0.96","41,653","5.76","1,593.90","815.85","3.16","58.91"
"JSWINFRA","305.00","306.30","302.50","306.50","303.50","-","-3.00","-0.98","7,30,994","22.26","360.95","218.20","5.69","26.71"
"PRAJIND","520.00","522.45","514.40","520.60","515.45","-","-5.15","-0.99","3,97,995","20.64","875.00","452.10","-8.14","3.08"
"MANYAVAR","779.95","787.40","773.00","786.00","778.00","-","-8.00","-1.02","2,19,955","17.11","1,512.00","740.00","-0.47","-13.83"
"ZFCVINDIA","13,500.00","13,669.00","13,151.00","13,488.00","13,350.00","-","-138.00","-1.02","9,396","12.62","18,250.00","9,561.00","10.02","-2.48"
"BASF","4,528.00","4,590.50","4,458.00","4,526.20","4,479.00","-","-47.20","-1.04","23,652","10.67","8,750.00","3,531.00","-1.13","23.67"
"MRPL","137.58","137.98","135.41","137.58","136.14","-","-1.44","-1.05","20,66,086","28.24","259.90","98.92","17.47","-38.96"
"CAPLIPOINT","1,970.00","1,976.50","1,909.10","1,971.80","1,951.00","-","-20.80","-1.05","1,27,499","24.85","2,641.00","1,225.00","1.81","49.42"
"IPCALAB","1,409.00","1,417.80","1,380.60","1,409.00","1,394.00","-","-15.00","-1.06","63,964","8.94","1,755.90","1,052.00","3.32","3.85"
"SUNDRMFAST","922.00","925.30","910.15","924.90","915.00","-","-9.90","-1.07","32,773","3.01","1,505.95","831.15","-0.82","-17.30"
"BAJAJHFL","129.80","130.74","128.00","129.80","128.39","-","-1.41","-1.09","1,25,12,050","161.66","188.50","103.10","5.84","-"
"PGEL","954.70","974.80","943.15","960.85","950.00","-","-10.85","-1.13","8,96,364","86.12","1,054.20","177.62","6.19","-49.83"
"JUBLFOOD","703.50","708.70","692.10","703.05","694.90","-","-8.15","-1.16","12,28,882","85.79","796.75","429.60","9.47","57.90"
"AARTIIND","402.95","405.90","398.30","404.20","399.50","-","-4.70","-1.16","12,60,779","50.62","769.25","344.20","0.10","-44.88"
"PNBHOUSING","1,002.00","1,013.40","988.10","1,001.70","990.00","-","-11.70","-1.17","12,17,903","121.37","1,202.20","616.60","18.80","31.72"
"GESHIP","890.00","890.00","864.00","889.45","879.00","-","-10.45","-1.17","4,30,331","37.64","1,543.70","797.50","-5.59","-14.11"
"ZENTEC","1,511.00","1,527.70","1,490.00","1,513.90","1,496.00","-","-17.90","-1.18","2,19,901","33.07","2,627.00","886.45","18.09","51.67"
"REDINGTON","226.50","227.70","222.77","226.37","223.68","-","-2.69","-1.19","16,84,810","37.91","263.89","158.61","-1.38","0.95"
"INOXWIND","163.72","166.41","162.01","164.68","162.70","-","-1.98","-1.20","48,30,003","79.07","261.90","124.25","-3.45","-70.08"
"ITI","268.49","271.90","262.50","268.20","264.99","-","-3.21","-1.20","6,06,684","16.16","592.70","210.00","-","5.01"
"ICICIGI","1,815.00","1,823.90","1,773.00","1,811.80","1,789.80","-","-22.00","-1.21","8,64,906","154.95","2,301.90","1,480.50","2.10","4.87"
"ALIVUS","1,001.90","1,007.90","986.20","1,000.50","987.50","-","-13.00","-1.30","98,417","9.80","1,335.10","743.85","-8.46","-"
"GVT&D","1,430.00","1,458.80","1,389.90","1,461.50","1,442.40","-","-19.10","-1.31","4,40,069","62.98","2,243.00","881.05","-4.18","-"
"AIAENG","3,207.00","3,207.00","3,135.40","3,185.60","3,144.00","-","-41.60","-1.31","42,055","13.24","4,949.95","3,027.20","-2.29","-17.90"
"ACE","1,242.00","1,254.00","1,221.00","1,246.40","1,230.00","-","-16.40","-1.32","1,48,521","18.33","1,649.00","917.45","1.50","-11.98"
"ENGINERSIN","182.80","186.49","179.34","183.72","181.20","-","-2.52","-1.37","58,95,023","107.68","303.90","142.20","10.16","-12.67"
"GODREJAGRO","770.10","789.00","755.00","769.60","759.00","-","-10.60","-1.38","6,05,273","46.86","876.70","476.05","-0.16","39.29"
"JUBLINGREA","671.90","677.95","651.45","668.25","659.00","-","-9.25","-1.38","1,84,990","12.20","885.00","462.30","-5.27","24.26"
"TRIVENI","402.50","406.00","396.00","402.50","396.95","-","-5.55","-1.38","1,81,057","7.25","536.00","267.50","2.25","20.88"
"GLENMARK","1,368.20","1,376.80","1,336.00","1,356.80","1,337.90","-","-18.90","-1.39","6,13,374","82.86","1,830.95","985.20","-9.71","28.85"
"CONCORDBIO","1,741.30","1,743.10","1,708.60","1,741.20","1,716.90","-","-24.30","-1.40","46,757","8.05","2,664.00","1,327.05","4.25","8.68"
"CENTURYPLY","728.65","733.50","716.30","728.65","718.45","-","-10.20","-1.40","91,039","6.57","935.00","622.40","1.33","13.10"
"NETWEB","1,514.00","1,531.80","1,490.10","1,519.60","1,498.00","-","-21.60","-1.42","1,66,153","24.95","3,060.00","1,251.55","-1.62","-11.70"
"DBREALTY","191.80","195.69","189.01","192.30","189.55","-","-2.75","-1.43","20,35,485","39.17","242.45","115.11","49.33","-9.48"
"LTIM","4,150.00","4,231.50","4,040.10","4,276.30","4,214.90","-","-61.40","-1.44","7,83,069","324.72","6,767.95","3,802.00","-3.98","-10.76"
"CHOLAFIN","1,605.00","1,609.80","1,561.90","1,611.90","1,588.10","-","-23.80","-1.48","18,16,329","287.15","1,652.00","1,100.50","4.89","41.88"
"GPIL","193.69","196.00","190.11","193.69","190.80","-","-2.89","-1.49","11,41,355","21.99","253.40","145.75","5.44","-77.36"
"PATANJALI","2,004.50","2,007.00","1,967.40","2,000.80","1,970.00","-","-30.80","-1.54","17,56,568","348.44","2,011.00","1,169.95","12.88","40.44"
"SAIL","114.50","115.84","113.05","115.30","113.52","-","-1.78","-1.54","1,88,55,830","215.80","175.35","99.15","0.64","-21.30"
"KIRLOSENG","762.00","762.10","745.00","757.75","746.10","-","-11.65","-1.54","2,48,813","18.69","1,450.00","544.40","1.61","-16.47"
"NCC","221.89","222.19","216.24","220.61","217.20","-","-3.41","-1.55","68,13,390","148.89","364.50","170.05","10.70","-10.75"
"ABSLAMC","639.00","639.00","618.05","633.90","624.00","-","-9.90","-1.56","2,64,741","16.57","911.85","491.40","-1.08","22.84"
"CHENNPETRO","630.00","634.00","620.00","631.00","621.00","-","-10.00","-1.58","9,60,866","60.06","1,275.00","433.10","8.44","-33.18"
"CHALET","818.00","830.10","803.30","823.15","810.00","-","-13.15","-1.60","1,13,019","9.24","1,052.45","634.05","2.20","-4.06"
"SAPPHIRE","305.00","310.25","302.35","308.15","303.20","-","-4.95","-1.61","1,88,153","5.76","401.00","259.31","-0.69","-79.80"
"SARDAEN","484.85","486.50","472.00","486.10","478.20","-","-7.90","-1.63","6,91,021","33.09","563.45","201.00","-11.19","116.01"
"KEC","724.00","725.05","709.10","723.50","711.40","-","-12.10","-1.67","7,19,151","51.39","1,313.25","627.45","-7.12","1.37"
"TATACOMM","1,599.00","1,610.00","1,560.30","1,593.70","1,567.00","-","-26.70","-1.68","2,44,987","38.76","2,175.00","1,291.00","0.25","-15.59"
"3MINDIA","30,720.00","30,840.00","30,150.00","30,715.00","30,170.00","-","-545.00","-1.77","2,590","7.88","40,856.50","25,718.15","7.03","3.23"
"IREDA","175.00","175.40","172.55","176.39","173.23","-","-3.16","-1.79","1,88,60,517","327.87","310.00","137.01","14.18","6.29"
"BLUESTARCO","2,051.90","2,080.00","2,005.50","2,053.30","2,016.00","-","-37.30","-1.82","3,22,346","65.22","2,417.00","1,359.45","-8.81","43.46"
"SAILIFE","727.60","734.80","716.60","731.75","718.30","-","-13.45","-1.84","4,91,030","35.59","808.80","636.10","2.06","-"
"EMAMILTD","626.75","627.45","612.25","626.75","614.95","-","-11.80","-1.88","3,79,989","23.50","860.00","428.20","10.26","40.01"
"APARINDS","4,995.50","5,007.50","4,890.00","4,995.50","4,898.00","-","-97.50","-1.95","81,545","40.15","11,779.90","4,308.05","-15.51","-30.02"
"MEDANTA","1,295.30","1,298.70","1,263.10","1,295.30","1,270.00","-","-25.30","-1.95","2,77,811","35.39","1,511.00","935.50","3.36","-7.56"
"PTCIL","14,668.00","14,738.00","14,001.00","14,696.00","14,409.00","-","-287.00","-1.95","9,829","14.28","17,995.00","7,149.60","14.54","83.28"
"CASTROLIND","204.20","205.41","200.95","206.03","201.99","-","-4.04","-1.96","35,11,484","71.28","284.40","162.60","-7.61","-3.01"
"WELCORP","792.85","799.90","773.20","797.20","781.50","-","-15.70","-1.97","6,22,497","48.62","900.00","440.15","-3.78","44.62"
"NEWGEN","936.00","936.00","922.70","942.55","924.00","-","-18.55","-1.97","1,66,029","15.40","1,798.90","724.10","0.83","25.53"
"PAYTM","864.40","871.65","845.80","864.95","847.00","-","-17.95","-2.08","40,12,959","343.07","1,062.95","310.00","11.34","118.69"
"BALRAMCHIN","564.15","564.50","552.20","564.80","553.00","-","-11.80","-2.09","1,89,478","10.57","691.80","352.00","2.65","50.33"
"ENDURANCE","1,946.00","2,097.00","1,874.40","1,939.50","1,898.00","-","-41.50","-2.14","3,77,986","74.81","3,061.30","1,675.00","-2.76","2.11"
"TBOTEK","1,070.00","1,074.00","1,038.70","1,074.40","1,051.40","-","-23.00","-2.14","2,49,254","26.12","2,001.00","996.00","-16.15","-"
"CCL","624.50","629.45","610.10","624.45","611.00","-","-13.45","-2.15","75,595","4.68","855.00","525.00","10.76","7.80"
"DIVISLAB","5,750.00","5,798.00","5,596.00","5,754.00","5,622.00","-","-132.00","-2.29","5,31,948","302.69","6,285.45","3,641.00","-3.06","52.07"
"LALPATHLAB","2,750.00","2,772.40","2,701.00","2,772.30","2,707.10","-","-65.20","-2.35","94,872","25.85","3,653.95","2,165.80","6.03","20.92"
"VGUARD","362.05","362.95","348.50","361.45","352.55","-","-8.90","-2.46","6,31,149","22.39","577.45","300.00","0.66","2.10"
"AEGISLOG","799.00","806.00","783.75","806.30","785.90","-","-20.40","-2.53","9,08,375","71.87","1,037.00","485.05","1.14","-"
"USHAMART","319.90","320.50","309.90","320.60","312.50","-","-8.10","-2.53","10,45,212","33.02","451.00","278.55","-4.32","-14.59"
"SUVENPHAR","1,195.70","1,205.50","1,165.00","1,195.70","1,165.10","-","-30.60","-2.56","1,24,160","14.66","1,360.00","598.00","0.76","79.60"
"SUNTV","678.00","686.80","664.80","682.90","665.15","-","-17.75","-2.60","1,61,181","10.85","921.00","549.30","9.04","9.85"
"AKUMS","501.00","501.00","481.00","499.15","486.00","-","-13.15","-2.63","2,91,094","14.18","1,175.90","405.00","-4.73","-"
"RHIM","483.00","490.30","472.20","486.20","472.90","-","-13.30","-2.74","1,96,488","9.39","755.55","376.45","14.04","-25.49"
"NAVA","484.50","493.25","465.50","482.55","469.25","-","-13.30","-2.76","6,76,701","32.14","673.90","227.75","5.27","-3.37"
"TARIL","552.00","552.00","526.85","547.90","529.80","-","-18.10","-3.30","12,41,604","66.08","648.90","274.10","19.06","-"
"RKFORGE","765.00","767.20","730.75","767.95","738.00","-","-29.95","-3.90","8,00,822","60.04","1,064.05","600.00","-2.79","0.70"
"WIPRO","235.00","237.80","232.15","247.65","237.40","-","-10.25","-4.14","5,48,75,421","1,289.57","324.60","208.50","-10.84","-46.69"
"SONATSOFTW","300.00","317.40","288.00","335.05","315.20","-","-19.85","-5.92","1,22,78,692","377.64","763.70","286.40","-11.43","-53.83"